filename,width,height,class,xmin,ymin,xmax,ymax
image_0.jpg,640,480,other,196,351,332,423
image_1.jpg,640,480,rock,166,302,295,419
image_10.jpg,640,480,scissors,130,219,227,392
image_100.jpg,640,480,paper,151,108,336,338
image_100.jpg,640,480,paper,460,105,636,334
image_101.jpg,640,480,paper,156,107,318,344
image_101.jpg,640,480,paper,465,105,634,336
image_102.jpg,640,480,paper,150,101,258,348
image_102.jpg,640,480,paper,475,98,583,356
image_103.jpg,640,480,paper,156,111,287,342
image_103.jpg,640,480,paper,431,106,610,344
image_104.jpg,640,480,paper,150,112,320,349
image_104.jpg,640,480,paper,431,124,606,351
image_105.jpg,640,480,paper,143,114,320,359
image_105.jpg,640,480,paper,460,122,640,367
image_108.jpg,640,480,paper,110,112,286,355
image_108.jpg,640,480,paper,418,111,595,381
image_109.jpg,640,480,other,125,125,264,358
image_109.jpg,640,480,scissors,428,116,569,372
image_11.jpg,640,480,scissors,92,228,194,394
image_111.jpg,640,480,scissors,156,123,278,369
image_111.jpg,640,480,paper,433,123,600,374
image_112.jpg,640,480,scissors,167,126,271,355
image_112.jpg,640,480,paper,442,121,605,389
image_113.jpg,640,480,scissors,165,124,278,359
image_113.jpg,640,480,paper,436,122,613,366
image_114.jpg,640,480,scissors,165,123,278,364
image_114.jpg,640,480,paper,435,122,614,382
image_115.jpg,640,480,scissors,169,125,284,363
image_115.jpg,640,480,rock,448,193,594,376
image_116.jpg,640,480,scissors,172,122,287,360
image_116.jpg,640,480,rock,447,188,595,347
image_117.jpg,640,480,scissors,169,118,292,349
image_117.jpg,640,480,rock,425,123,575,276
image_118.jpg,640,480,scissors,168,125,289,362
image_118.jpg,640,480,rock,435,159,581,318
image_119.jpg,640,480,scissors,177,129,280,362
image_119.jpg,640,480,rock,441,176,586,321
image_12.jpg,640,480,paper,92,216,208,385
image_120.jpg,640,480,scissors,172,124,277,360
image_120.jpg,640,480,thumb,459,116,636,342
image_121.jpg,640,480,scissors,166,121,279,356
image_121.jpg,640,480,thumb,457,126,632,351
image_122.jpg,640,480,scissors,163,121,280,368
image_122.jpg,640,480,thumb,477,126,640,340
image_123.jpg,640,480,scissors,166,123,274,364
image_123.jpg,640,480,thumb,355,137,533,351
image_124.jpg,640,480,other,143,180,264,362
image_124.jpg,640,480,thumb,355,155,528,366
image_125.jpg,640,480,thumb,128,171,286,362
image_125.jpg,640,480,thumb,363,180,527,394
image_126.jpg,640,480,thumb,130,179,277,368
image_126.jpg,640,480,thumb,343,182,518,394
image_127.jpg,640,480,thumb,122,172,288,360
image_127.jpg,640,480,thumb,302,184,457,384
image_128.jpg,640,480,thumb,129,102,288,253
image_128.jpg,640,480,thumb,343,80,477,250
image_13.jpg,640,480,paper,103,212,240,390
image_130.jpg,640,480,thumb,99,129,243,303
image_130.jpg,640,480,thumb,456,104,628,302
image_131.jpg,640,480,thumb,128,136,291,322
image_131.jpg,640,480,thumb,399,129,569,332
image_132.jpg,640,480,thumb,142,196,305,388
image_132.jpg,640,480,thumb,395,193,560,390
image_133.jpg,640,480,thumb,114,216,283,400
image_133.jpg,640,480,thumb,443,217,595,403
image_135.jpg,640,480,thumb,71,202,214,390
image_135.jpg,640,480,other,557,201,640,413
image_136.jpg,640,480,thumb,95,200,247,387
image_136.jpg,640,480,other,550,211,640,417
image_139.jpg,640,480,thumb,526,230,640,422
image_139.jpg,640,480,thumb,238,200,378,397
image_14.jpg,640,480,paper,71,194,222,373
image_140.jpg,640,480,thumb,209,210,360,405
image_140.jpg,640,480,thumb,526,233,640,417
image_141.jpg,640,480,thumb,108,191,255,377
image_141.jpg,640,480,thumb,534,231,640,420
image_143.jpg,640,480,thumb,100,122,241,294
image_143.jpg,640,480,thumb,523,218,640,414
image_144.jpg,640,480,thumb,108,126,243,303
image_145.jpg,640,480,thumb,457,157,623,338
image_145.jpg,640,480,thumb,78,136,220,305
image_146.jpg,640,480,thumb,416,158,589,340
image_146.jpg,640,480,thumb,66,144,217,322
image_147.jpg,640,480,thumb,85,163,228,345
image_147.jpg,640,480,thumb,414,180,576,367
image_150.jpg,640,480,thumb,132,178,235,357
image_150.jpg,640,480,thumb,465,183,587,365
image_151.jpg,640,480,thumb,165,153,266,317
image_151.jpg,640,480,rock,469,159,558,330
image_153.jpg,640,480,other,138,134,255,366
image_153.jpg,640,480,other,500,145,620,393
image_154.jpg,640,480,other,136,151,271,378
image_154.jpg,640,480,other,501,174,622,404
image_155.jpg,640,480,scissors,136,155,259,377
image_155.jpg,640,480,scissors,500,168,625,410
image_156.jpg,640,480,scissors,503,184,640,409
image_156.jpg,640,480,scissors,146,160,266,390
image_158.jpg,640,480,other,156,148,286,372
image_158.jpg,640,480,other,506,171,629,392
image_159.jpg,640,480,other,79,124,284,356
image_159.jpg,640,480,other,511,140,640,387
image_16.jpg,640,480,paper,106,202,235,379
image_160.jpg,640,480,other,90,122,289,354
image_160.jpg,640,480,paper,514,150,640,385
image_161.jpg,640,480,paper,531,164,640,403
image_161.jpg,640,480,scissors,149,129,283,352
image_162.jpg,640,480,paper,222,141,375,383
image_162.jpg,640,480,paper,442,162,614,390
image_164.jpg,640,480,paper,360,145,502,398
image_164.jpg,640,480,other,507,144,591,376
image_165.jpg,640,480,paper,364,149,513,390
image_166.jpg,640,480,paper,330,145,484,390
image_167.jpg,640,480,paper,248,172,384,402
image_167.jpg,640,480,paper,153,184,256,375
image_168.jpg,640,480,paper,88,198,201,398
image_168.jpg,640,480,paper,190,158,325,403
image_169.jpg,640,480,paper,144,140,283,395
image_169.jpg,640,480,paper,299,165,448,368
image_17.jpg,640,480,paper,78,170,238,357
image_170.jpg,640,480,paper,441,133,589,386
image_170.jpg,640,480,paper,133,135,261,367
image_171.jpg,640,480,paper,134,131,256,368
image_171.jpg,640,480,paper,438,141,582,360
image_172.jpg,640,480,paper,394,146,542,384
image_172.jpg,640,480,paper,106,136,235,379
image_173.jpg,640,480,paper,81,131,210,355
image_173.jpg,640,480,paper,380,144,525,383
image_174.jpg,640,480,paper,392,147,525,387
image_174.jpg,640,480,paper,89,129,212,385
image_175.jpg,640,480,paper,100,143,230,388
image_175.jpg,640,480,paper,396,156,530,377
image_176.jpg,640,480,paper,118,149,253,385
image_176.jpg,640,480,other,429,160,531,385
image_177.jpg,640,480,paper,423,158,550,389
image_177.jpg,640,480,paper,100,151,254,382
image_178.jpg,640,480,paper,89,152,260,397
image_178.jpg,640,480,paper,425,162,577,386
image_179.jpg,640,480,rock,440,222,544,397
image_179.jpg,640,480,other,123,202,251,408
image_180.jpg,640,480,other,128,205,240,418
image_180.jpg,640,480,other,438,227,553,416
image_182.jpg,640,480,scissors,140,150,248,411
image_182.jpg,640,480,scissors,428,170,555,395
image_186.jpg,640,480,paper,437,176,569,394
image_186.jpg,640,480,paper,80,137,220,397
image_188.jpg,640,480,paper,460,177,586,402
image_188.jpg,640,480,paper,80,147,222,390
image_19.jpg,640,480,scissors,107,165,216,368
image_192.jpg,640,480,scissors,77,146,230,386
image_192.jpg,640,480,scissors,462,170,593,399
image_193.jpg,640,480,paper,437,162,615,404
image_193.jpg,640,480,paper,61,150,238,389
image_195.jpg,640,480,other,433,176,562,397
image_195.jpg,640,480,other,110,174,243,389
image_196.jpg,640,480,rock,108,235,241,380
image_196.jpg,640,480,other,430,206,549,384
image_197.jpg,640,480,other,446,215,552,390
image_197.jpg,640,480,other,110,161,247,385
image_198.jpg,640,480,other,117,163,260,377
image_198.jpg,640,480,paper,446,149,565,378
image_199.jpg,640,480,paper,449,162,595,378
image_199.jpg,640,480,paper,101,151,271,382
image_2.jpg,640,480,scissors,138,189,250,370
image_20.jpg,640,480,scissors,116,227,216,406
image_200.jpg,640,480,rock,454,221,555,365
image_200.jpg,640,480,paper,115,159,281,387
image_201.jpg,640,480,paper,140,158,309,388
image_201.jpg,640,480,paper,459,184,565,389
image_202.jpg,640,480,paper,141,128,285,374
image_202.jpg,640,480,rock,447,148,562,313
image_203.jpg,640,480,other,360,273,542,406
image_203.jpg,640,480,paper,182,143,394,315
image_204.jpg,640,480,other,401,255,569,417
image_204.jpg,640,480,other,137,212,330,347
image_205.jpg,640,480,other,121,217,327,372
image_205.jpg,640,480,other,406,251,618,419
image_206.jpg,640,480,other,421,241,606,422
image_206.jpg,640,480,other,141,248,361,426
image_207.jpg,640,480,other,81,171,310,317
image_207.jpg,640,480,other,409,183,614,326
image_208.jpg,640,480,other,73,160,312,324
image_208.jpg,640,480,other,395,184,608,334
image_209.jpg,640,480,other,64,164,314,315
image_209.jpg,640,480,other,374,178,615,316
image_21.jpg,640,480,other,122,209,208,403
image_210.jpg,640,480,other,52,161,306,297
image_210.jpg,640,480,other,408,143,625,295
image_211.jpg,640,480,other,45,132,290,313
image_211.jpg,640,480,other,398,146,621,302
image_212.jpg,640,480,other,415,156,619,289
image_212.jpg,640,480,other,36,148,297,281
image_213.jpg,640,480,paper,61,175,291,350
image_213.jpg,640,480,other,401,205,640,333
image_214.jpg,640,480,other,434,200,640,333
image_214.jpg,640,480,paper,49,169,272,345
image_215.jpg,640,480,paper,42,161,266,338
image_215.jpg,640,480,other,432,183,640,351
image_217.jpg,640,480,other,60,203,308,364
image_217.jpg,640,480,other,438,176,640,318
image_218.jpg,640,480,other,58,198,267,351
image_218.jpg,640,480,other,438,171,640,308
image_22.jpg,640,480,other,118,213,201,411
image_220.jpg,640,480,other,80,202,268,342
image_220.jpg,640,480,other,448,167,640,287
image_221.jpg,640,480,other,436,146,640,286
image_221.jpg,640,480,other,64,172,321,327
image_222.jpg,640,480,other,60,159,322,311
image_222.jpg,640,480,other,433,150,640,285
image_223.jpg,640,480,other,425,166,640,291
image_223.jpg,640,480,other,83,157,315,320
image_224.jpg,640,480,other,86,165,306,313
image_224.jpg,640,480,other,441,175,631,305
image_225.jpg,640,480,other,420,167,636,298
image_225.jpg,640,480,other,81,167,301,325
image_226.jpg,640,480,other,79,162,321,337
image_226.jpg,640,480,other,436,159,640,306
image_227.jpg,640,480,other,441,153,640,299
image_227.jpg,640,480,other,84,162,316,333
image_228.jpg,640,480,other,89,202,310,400
image_228.jpg,640,480,other,462,168,612,376
image_229.jpg,640,480,other,462,124,593,361
image_229.jpg,640,480,other,117,160,322,378
image_231.jpg,640,480,other,146,193,340,306
image_231.jpg,640,480,other,434,174,606,306
image_233.jpg,640,480,other,102,191,299,375
image_233.jpg,640,480,other,481,160,632,340
image_234.jpg,640,480,scissors,442,103,609,304
image_234.jpg,640,480,scissors,120,113,287,360
image_235.jpg,640,480,scissors,144,150,295,387
image_235.jpg,640,480,other,422,137,590,343
image_236.jpg,640,480,other,461,139,578,375
image_236.jpg,640,480,scissors,152,141,281,387
image_237.jpg,640,480,scissors,145,147,292,408
image_237.jpg,640,480,scissors,438,137,578,397
image_239.jpg,640,480,paper,110,159,279,410
image_239.jpg,640,480,paper,445,160,594,402
image_24.jpg,640,480,scissors,113,201,221,386
image_240.jpg,640,480,paper,425,131,562,374
image_240.jpg,640,480,paper,180,124,283,375
image_241.jpg,640,480,paper,117,122,318,384
image_241.jpg,640,480,paper,464,135,607,390
image_242.jpg,640,480,paper,440,145,625,396
image_242.jpg,640,480,paper,77,135,295,377
image_244.jpg,640,480,paper,89,130,279,393
image_244.jpg,640,480,paper,465,130,626,370
image_245.jpg,640,480,paper,91,127,271,391
image_245.jpg,640,480,paper,478,128,618,388
image_246.jpg,640,480,paper,98,133,262,383
image_246.jpg,640,480,paper,485,128,629,378
image_247.jpg,640,480,paper,486,124,635,369
image_247.jpg,640,480,paper,78,129,276,382
image_248.jpg,640,480,paper,98,130,274,381
image_248.jpg,640,480,paper,475,129,631,381
image_249.jpg,640,480,paper,111,132,307,394
image_249.jpg,640,480,paper,452,137,622,393
image_25.jpg,640,480,scissors,103,206,206,406
image_250.jpg,640,480,paper,453,148,635,391
image_250.jpg,640,480,paper,76,141,291,382
image_251.jpg,640,480,paper,151,112,294,370
image_251.jpg,640,480,paper,449,129,613,377
image_252.jpg,640,480,paper,427,132,593,375
image_252.jpg,640,480,paper,113,121,291,357
image_253.jpg,640,480,paper,119,114,299,362
image_253.jpg,640,480,paper,434,131,618,375
image_254.jpg,640,480,paper,99,116,308,369
image_254.jpg,640,480,paper,439,129,614,356
image_255.jpg,640,480,paper,98,124,297,371
image_255.jpg,640,480,paper,429,133,622,378
image_256.jpg,640,480,paper,433,127,617,379
image_256.jpg,640,480,paper,118,118,295,364
image_257.jpg,640,480,paper,129,114,296,363
image_257.jpg,640,480,paper,435,129,615,375
image_258.jpg,640,480,paper,432,125,626,386
image_258.jpg,640,480,paper,129,125,293,377
image_26.jpg,640,480,scissors,102,198,205,400
image_260.jpg,640,480,paper,133,116,309,370
image_260.jpg,640,480,paper,451,134,624,391
image_262.jpg,640,480,paper,418,130,605,364
image_262.jpg,640,480,paper,82,126,276,370
image_263.jpg,640,480,paper,387,123,541,351
image_263.jpg,640,480,paper,138,118,299,359
image_264.jpg,640,480,paper,159,124,311,369
image_264.jpg,640,480,paper,391,129,550,351
image_265.jpg,640,480,paper,408,135,566,363
image_265.jpg,640,480,paper,151,131,307,361
image_266.jpg,640,480,paper,415,140,560,363
image_266.jpg,640,480,paper,154,129,303,361
image_268.jpg,640,480,rock,131,212,252,380
image_268.jpg,640,480,rock,444,209,586,357
image_27.jpg,640,480,scissors,109,219,206,416
image_27.jpg,640,480,other,409,258,531,418
image_270.jpg,640,480,rock,94,143,228,335
image_270.jpg,640,480,rock,499,135,601,286
image_272.jpg,640,480,other,171,204,303,325
image_272.jpg,640,480,other,446,197,566,306
image_273.jpg,640,480,other,458,214,598,324
image_273.jpg,640,480,other,149,222,325,330
image_274.jpg,640,480,other,154,170,307,268
image_274.jpg,640,480,other,449,166,599,262
image_275.jpg,640,480,other,458,100,598,208
image_275.jpg,640,480,other,150,98,298,215
image_276.jpg,640,480,other,142,85,309,198
image_276.jpg,640,480,other,451,72,614,172
image_277.jpg,640,480,other,198,106,317,258
image_277.jpg,640,480,other,435,104,547,292
image_278.jpg,640,480,other,405,175,519,343
image_278.jpg,640,480,other,212,149,328,311
image_279.jpg,640,480,other,202,152,326,295
image_279.jpg,640,480,other,421,166,532,327
image_280.jpg,640,480,other,411,170,535,320
image_280.jpg,640,480,other,200,150,340,277
image_281.jpg,640,480,other,195,135,339,237
image_281.jpg,640,480,other,375,131,539,230
image_282.jpg,640,480,other,445,97,543,267
image_282.jpg,640,480,rock,195,81,292,241
image_283.jpg,640,480,rock,170,121,285,292
image_283.jpg,640,480,rock,438,136,556,291
image_285.jpg,640,480,rock,170,173,295,293
image_285.jpg,640,480,rock,412,176,579,316
image_286.jpg,640,480,rock,449,218,601,353
image_286.jpg,640,480,rock,96,189,213,355
image_287.jpg,640,480,rock,82,181,199,323
image_287.jpg,640,480,rock,510,191,640,315
image_288.jpg,640,480,paper,67,119,230,334
image_288.jpg,640,480,paper,506,116,640,321
image_29.jpg,640,480,scissors,386,174,505,363
image_290.jpg,640,480,thumb,82,151,224,351
image_290.jpg,640,480,thumb,530,151,640,344
image_291.jpg,640,480,thumb,487,172,639,371
image_291.jpg,640,480,thumb,100,162,252,364
image_292.jpg,640,480,thumb,420,185,586,386
image_292.jpg,640,480,thumb,107,180,281,386
image_293.jpg,640,480,thumb,124,178,283,330
image_293.jpg,640,480,thumb,462,163,626,320
image_294.jpg,640,480,other,455,139,593,344
image_294.jpg,640,480,other,152,153,311,364
image_296.jpg,640,480,other,494,155,612,349
image_296.jpg,640,480,other,151,171,290,352
image_297.jpg,640,480,rock,143,167,292,305
image_297.jpg,640,480,rock,503,154,624,294
image_298.jpg,640,480,thumb,117,167,311,321
image_298.jpg,640,480,thumb,500,158,640,294
image_299.jpg,640,480,thumb,464,159,640,304
image_299.jpg,640,480,thumb,103,174,310,322
image_3.jpg,640,480,scissors,141,191,226,355
image_301.jpg,640,480,thumb,443,152,640,281
image_301.jpg,640,480,thumb,106,183,298,324
image_302.jpg,640,480,thumb,137,153,324,355
image_302.jpg,640,480,thumb,450,143,599,322
image_304.jpg,640,480,thumb,151,167,302,348
image_304.jpg,640,480,thumb,435,188,609,351
image_306.jpg,640,480,thumb,126,188,293,346
image_306.jpg,640,480,thumb,422,187,617,339
image_307.jpg,640,480,thumb,441,195,627,325
image_307.jpg,640,480,thumb,109,181,296,322
image_308.jpg,640,480,thumb,129,182,314,338
image_308.jpg,640,480,thumb,420,196,609,323
image_309.jpg,640,480,thumb,155,177,315,355
image_309.jpg,640,480,thumb,439,181,596,343
image_31.jpg,640,480,scissors,325,188,443,383
image_310.jpg,640,480,thumb,161,169,335,357
image_310.jpg,640,480,thumb,411,176,564,352
image_311.jpg,640,480,thumb,164,171,339,372
image_311.jpg,640,480,thumb,421,165,572,360
image_312.jpg,640,480,thumb,190,229,355,417
image_312.jpg,640,480,thumb,426,215,577,411
image_314.jpg,640,480,thumb,176,124,334,316
image_314.jpg,640,480,thumb,483,137,635,317
image_315.jpg,640,480,thumb,111,125,265,314
image_316.jpg,640,480,thumb,385,116,548,318
image_316.jpg,640,480,thumb,126,131,272,322
image_317.jpg,640,480,thumb,85,137,233,335
image_317.jpg,640,480,thumb,310,112,476,308
image_318.jpg,640,480,thumb,339,81,487,267
image_318.jpg,640,480,thumb,110,97,248,280
image_319.jpg,640,480,thumb,106,150,258,350
image_319.jpg,640,480,thumb,355,129,510,338
image_320.jpg,640,480,thumb,441,131,581,348
image_320.jpg,640,480,thumb,110,156,227,347
image_321.jpg,640,480,thumb,83,160,239,335
image_321.jpg,640,480,thumb,465,133,605,340
image_322.jpg,640,480,thumb,473,147,623,348
image_322.jpg,640,480,thumb,87,170,236,344
image_323.jpg,640,480,thumb,89,210,238,393
image_323.jpg,640,480,thumb,454,191,605,388
image_325.jpg,640,480,thumb,113,172,236,352
image_325.jpg,640,480,thumb,455,175,585,365
image_326.jpg,640,480,thumb,118,171,267,380
image_326.jpg,640,480,thumb,446,168,599,372
image_327.jpg,640,480,thumb,86,140,230,332
image_327.jpg,640,480,thumb,459,168,631,321
image_328.jpg,640,480,thumb,153,194,309,387
image_328.jpg,640,480,thumb,419,192,567,380
image_329.jpg,640,480,thumb,125,184,273,385
image_329.jpg,640,480,thumb,429,199,574,388
image_330.jpg,640,480,thumb,113,206,277,385
image_330.jpg,640,480,thumb,434,212,576,396
image_332.jpg,640,480,scissors,121,154,245,392
image_332.jpg,640,480,scissors,440,181,580,393
image_333.jpg,640,480,scissors,431,184,558,411
image_333.jpg,640,480,scissors,109,167,277,397
image_335.jpg,640,480,scissors,425,207,561,413
image_335.jpg,640,480,scissors,85,174,250,393
image_336.jpg,640,480,other,348,252,523,414
image_336.jpg,640,480,other,133,294,355,417
image_337.jpg,640,480,scissors,268,239,403,437
image_338.jpg,640,480,scissors,276,212,397,425
image_338.jpg,640,480,paper,160,233,275,412
image_339.jpg,640,480,paper,246,203,379,419
image_339.jpg,640,480,paper,162,220,258,403
image_34.jpg,640,480,other,168,192,278,379
image_341.jpg,640,480,paper,372,180,507,402
image_341.jpg,640,480,paper,151,165,296,395
image_344.jpg,640,480,other,166,207,343,398
image_344.jpg,640,480,other,394,180,505,402
image_345.jpg,640,480,other,426,172,508,399
image_345.jpg,640,480,other,174,159,292,386
image_346.jpg,640,480,scissors,177,151,282,382
image_346.jpg,640,480,scissors,411,186,527,407
image_347.jpg,640,480,other,136,152,296,374
image_347.jpg,640,480,paper,395,178,540,392
image_35.jpg,640,480,other,196,176,294,358
image_354.jpg,640,480,other,524,106,640,338
image_355.jpg,640,480,other,579,261,640,404
image_356.jpg,640,480,paper,505,177,640,398
image_356.jpg,640,480,paper,108,171,226,368
image_357.jpg,640,480,paper,194,163,315,344
image_357.jpg,640,480,paper,452,180,585,377
image_358.jpg,640,480,paper,426,176,560,354
image_358.jpg,640,480,paper,212,158,317,333
image_359.jpg,640,480,paper,423,186,547,360
image_359.jpg,640,480,paper,233,174,329,334
image_36.jpg,640,480,scissors,327,119,465,327
image_361.jpg,640,480,paper,475,162,621,353
image_361.jpg,640,480,paper,190,159,287,331
image_364.jpg,640,480,paper,164,168,272,343
image_364.jpg,640,480,paper,495,169,633,356
image_365.jpg,640,480,paper,462,159,603,340
image_365.jpg,640,480,paper,183,154,297,338
image_366.jpg,640,480,paper,435,170,572,366
image_366.jpg,640,480,paper,224,167,346,337
image_367.jpg,640,480,paper,201,148,330,309
image_367.jpg,640,480,paper,432,126,576,314
image_368.jpg,640,480,paper,438,105,591,310
image_368.jpg,640,480,paper,200,117,330,285
image_369.jpg,640,480,paper,189,181,334,356
image_369.jpg,640,480,paper,452,182,600,365
image_37.jpg,640,480,scissors,423,96,551,327
image_370.jpg,640,480,scissors,465,161,591,345
image_370.jpg,640,480,scissors,199,170,305,353
image_372.jpg,640,480,other,183,130,279,323
image_372.jpg,640,480,other,515,121,616,320
image_373.jpg,640,480,scissors,521,124,629,351
image_373.jpg,640,480,scissors,178,151,264,344
image_374.jpg,640,480,other,211,213,289,402
image_374.jpg,640,480,scissors,498,189,612,394
image_375.jpg,640,480,scissors,510,181,625,375
image_375.jpg,640,480,other,189,183,271,377
image_376.jpg,640,480,other,164,177,245,361
image_376.jpg,640,480,other,531,171,625,368
image_379.jpg,640,480,scissors,315,181,411,366
image_379.jpg,640,480,scissors,486,193,601,402
image_38.jpg,640,480,scissors,429,58,552,254
image_380.jpg,640,480,scissors,244,175,334,372
image_381.jpg,640,480,scissors,248,143,335,342
image_382.jpg,640,480,scissors,243,114,341,316
image_383.jpg,640,480,scissors,281,184,379,409
image_384.jpg,640,480,scissors,343,220,486,420
image_387.jpg,640,480,scissors,84,189,208,370
image_387.jpg,640,480,other,233,195,361,416
image_388.jpg,640,480,other,186,196,312,400
image_388.jpg,640,480,scissors,101,199,193,355
image_389.jpg,640,480,scissors,115,190,222,347
image_389.jpg,640,480,scissors,215,176,319,382
image_39.jpg,640,480,scissors,395,93,519,319
image_390.jpg,640,480,scissors,144,184,229,339
image_390.jpg,640,480,scissors,221,179,339,373
image_391.jpg,640,480,scissors,229,172,350,375
image_391.jpg,640,480,other,159,182,238,357
image_392.jpg,640,480,other,171,177,229,358
image_392.jpg,640,480,paper,232,172,364,372
image_393.jpg,640,480,paper,264,168,383,360
image_393.jpg,640,480,other,178,187,237,352
image_394.jpg,640,480,paper,305,169,415,361
image_394.jpg,640,480,paper,161,173,252,341
image_396.jpg,640,480,paper,165,184,264,355
image_396.jpg,640,480,paper,271,165,417,359
image_397.jpg,640,480,paper,276,174,410,369
image_397.jpg,640,480,paper,157,190,259,365
image_398.jpg,640,480,other,346,193,455,383
image_398.jpg,640,480,scissors,175,179,256,349
image_399.jpg,640,480,rock,199,222,288,355
image_399.jpg,640,480,thumb,421,227,520,389
image_4.jpg,640,480,scissors,132,138,235,310
image_40.jpg,640,480,scissors,395,132,517,341
image_400.jpg,640,480,rock,425,202,528,364
image_400.jpg,640,480,rock,207,210,276,343
image_401.jpg,640,480,rock,206,249,285,368
image_401.jpg,640,480,rock,433,260,544,403
image_402.jpg,640,480,rock,199,242,267,346
image_403.jpg,640,480,rock,189,221,266,342
image_403.jpg,640,480,rock,555,209,640,344
image_404.jpg,640,480,rock,360,217,471,349
image_404.jpg,640,480,rock,174,217,251,340
image_405.jpg,640,480,rock,313,206,417,329
image_405.jpg,640,480,rock,172,215,252,334
image_407.jpg,640,480,rock,245,206,347,334
image_407.jpg,640,480,rock,122,196,199,313
image_409.jpg,640,480,rock,252,199,369,337
image_409.jpg,640,480,rock,148,192,231,322
image_41.jpg,640,480,scissors,432,159,551,365
image_412.jpg,640,480,rock,176,215,278,353
image_412.jpg,640,480,rock,495,220,613,380
image_413.jpg,640,480,rock,521,211,630,374
image_413.jpg,640,480,rock,105,184,196,315
image_414.jpg,640,480,rock,84,191,172,315
image_414.jpg,640,480,rock,525,210,635,378
image_415.jpg,640,480,rock,72,201,165,314
image_417.jpg,640,480,rock,478,181,608,345
image_417.jpg,640,480,rock,77,205,201,349
image_418.jpg,640,480,rock,131,188,242,331
image_418.jpg,640,480,rock,385,184,499,313
image_419.jpg,640,480,rock,397,134,505,266
image_419.jpg,640,480,rock,163,122,267,260
image_42.jpg,640,480,scissors,452,155,593,372
image_42.jpg,640,480,scissors,120,229,244,419
image_421.jpg,640,480,rock,394,187,524,330
image_421.jpg,640,480,rock,162,172,281,322
image_423.jpg,640,480,rock,408,202,527,360
image_423.jpg,640,480,rock,181,199,294,358
image_425.jpg,640,480,thumb,396,227,574,413
image_425.jpg,640,480,thumb,188,187,351,372
image_426.jpg,640,480,thumb,177,176,339,356
image_426.jpg,640,480,thumb,408,198,591,386
image_427.jpg,640,480,other,428,250,613,350
image_427.jpg,640,480,thumb,159,173,324,309
image_429.jpg,640,480,thumb,425,249,591,420
image_429.jpg,640,480,paper,169,75,332,295
image_43.jpg,640,480,scissors,111,173,220,366
image_43.jpg,640,480,scissors,479,152,601,363
image_430.jpg,640,480,paper,177,77,328,308
image_430.jpg,640,480,thumb,412,232,590,406
image_431.jpg,640,480,thumb,432,144,606,312
image_431.jpg,640,480,paper,181,86,337,313
image_432.jpg,640,480,paper,174,81,334,304
image_432.jpg,640,480,thumb,450,58,595,223
image_433.jpg,640,480,thumb,434,80,611,259
image_433.jpg,640,480,paper,182,57,324,281
image_434.jpg,640,480,paper,176,142,339,357
image_434.jpg,640,480,thumb,422,154,593,345
image_436.jpg,640,480,paper,157,121,245,329
image_436.jpg,640,480,thumb,247,179,371,363
image_438.jpg,640,480,paper,159,56,283,244
image_438.jpg,640,480,thumb,238,131,367,311
image_44.jpg,640,480,scissors,83,185,181,374
image_44.jpg,640,480,scissors,487,153,602,381
image_440.jpg,640,480,paper,184,111,331,333
image_440.jpg,640,480,thumb,349,207,514,403
image_441.jpg,640,480,thumb,427,190,612,384
image_441.jpg,640,480,paper,188,102,338,311
image_442.jpg,640,480,scissors,179,131,327,315
image_442.jpg,640,480,rock,426,214,616,363
image_443.jpg,640,480,other,397,186,630,372
image_443.jpg,640,480,other,180,170,367,331
image_445.jpg,640,480,scissors,489,143,619,386
image_445.jpg,640,480,scissors,185,121,318,370
image_446.jpg,640,480,scissors,152,118,298,358
image_446.jpg,640,480,scissors,477,111,628,360
image_447.jpg,640,480,scissors,184,113,322,328
image_447.jpg,640,480,scissors,462,125,608,351
image_449.jpg,640,480,other,426,199,635,331
image_449.jpg,640,480,other,178,190,370,324
image_45.jpg,640,480,paper,441,173,598,387
image_45.jpg,640,480,paper,102,186,249,386
image_450.jpg,640,480,other,168,184,347,293
image_450.jpg,640,480,other,443,197,640,324
image_451.jpg,640,480,other,458,108,636,239
image_451.jpg,640,480,other,159,113,342,248
image_452.jpg,640,480,other,168,59,350,196
image_452.jpg,640,480,other,465,57,640,186
image_453.jpg,640,480,scissors,153,58,339,183
image_453.jpg,640,480,scissors,473,56,629,197
image_454.jpg,640,480,scissors,159,55,298,196
image_455.jpg,640,480,scissors,162,84,273,304
image_455.jpg,640,480,other,570,100,640,302
image_456.jpg,640,480,other,232,98,321,352
image_456.jpg,640,480,other,486,119,600,350
image_457.jpg,640,480,scissors,487,129,612,381
image_457.jpg,640,480,scissors,233,120,355,357
image_458.jpg,640,480,scissors,253,125,355,367
image_458.jpg,640,480,scissors,472,143,608,389
image_46.jpg,640,480,paper,95,167,247,356
image_46.jpg,640,480,paper,446,146,605,353
image_460.jpg,640,480,other,229,139,371,367
image_460.jpg,640,480,other,466,156,629,383
image_461.jpg,640,480,other,450,157,578,385
image_461.jpg,640,480,other,265,151,377,363
image_462.jpg,640,480,other,459,164,575,377
image_462.jpg,640,480,other,232,154,368,373
image_464.jpg,640,480,other,458,180,570,402
image_464.jpg,640,480,other,215,171,334,385
image_467.jpg,640,480,paper,205,160,351,377
image_467.jpg,640,480,paper,449,162,598,390
image_468.jpg,640,480,paper,466,164,623,390
image_468.jpg,640,480,paper,181,155,338,364
image_47.jpg,640,480,paper,78,128,240,344
image_47.jpg,640,480,paper,456,110,636,333
image_470.jpg,640,480,paper,153,162,318,372
image_470.jpg,640,480,other,521,192,640,396
image_471.jpg,640,480,paper,123,172,287,383
image_471.jpg,640,480,paper,377,156,490,358
image_472.jpg,640,480,paper,161,185,291,383
image_473.jpg,640,480,paper,158,207,254,394
image_473.jpg,640,480,paper,318,175,429,383
image_474.jpg,640,480,paper,269,148,400,370
image_474.jpg,640,480,paper,155,206,251,394
image_475.jpg,640,480,other,150,189,246,378
image_475.jpg,640,480,paper,217,120,352,334
image_477.jpg,640,480,other,158,188,253,375
image_477.jpg,640,480,paper,238,127,356,338
image_48.jpg,640,480,paper,64,188,229,377
image_48.jpg,640,480,paper,460,165,639,384
image_480.jpg,640,480,paper,251,138,362,348
image_481.jpg,640,480,paper,254,142,363,349
image_482.jpg,640,480,paper,249,145,360,353
image_483.jpg,640,480,paper,148,140,305,341
image_483.jpg,640,480,paper,303,195,421,320
image_484.jpg,640,480,paper,428,142,569,358
image_484.jpg,640,480,paper,147,126,313,342
image_485.jpg,640,480,paper,446,134,578,365
image_485.jpg,640,480,paper,163,132,322,344
image_486.jpg,640,480,paper,185,124,344,362
image_486.jpg,640,480,paper,447,139,591,362
image_487.jpg,640,480,paper,453,137,607,381
image_487.jpg,640,480,paper,183,125,336,352
image_488.jpg,640,480,paper,174,129,321,355
image_488.jpg,640,480,paper,455,140,609,369
image_489.jpg,640,480,paper,168,130,327,361
image_489.jpg,640,480,paper,447,138,607,356
image_49.jpg,640,480,paper,93,174,250,366
image_49.jpg,640,480,paper,442,158,615,363
image_490.jpg,640,480,paper,466,133,617,362
image_490.jpg,640,480,paper,150,129,314,353
image_491.jpg,640,480,paper,170,154,317,367
image_491.jpg,640,480,paper,465,125,603,361
image_492.jpg,640,480,paper,467,136,603,359
image_492.jpg,640,480,paper,192,147,318,364
image_493.jpg,640,480,paper,180,168,343,390
image_493.jpg,640,480,paper,462,162,608,381
image_494.jpg,640,480,other,468,173,613,406
image_494.jpg,640,480,paper,183,187,330,388
image_496.jpg,640,480,other,472,151,593,364
image_496.jpg,640,480,other,221,153,322,362
image_497.jpg,640,480,other,481,157,593,377
image_497.jpg,640,480,other,222,161,338,358
image_499.jpg,640,480,other,485,152,601,381
image_499.jpg,640,480,other,228,155,327,359
image_5.jpg,640,480,scissors,116,88,224,286
image_50.jpg,640,480,paper,391,186,538,374
image_50.jpg,640,480,paper,161,189,300,362
image_500.jpg,640,480,thumb,224,180,335,356
image_500.jpg,640,480,thumb,471,171,602,349
image_501.jpg,640,480,thumb,486,188,625,385
image_501.jpg,640,480,thumb,241,195,372,382
image_502.jpg,640,480,thumb,221,196,379,384
image_502.jpg,640,480,thumb,471,181,611,376
image_503.jpg,640,480,thumb,467,180,619,389
image_503.jpg,640,480,thumb,225,187,376,380
image_504.jpg,640,480,other,226,185,441,374
image_504.jpg,640,480,other,437,177,622,389
image_505.jpg,640,480,other,438,197,640,403
image_505.jpg,640,480,other,194,204,440,390
image_507.jpg,640,480,other,176,148,349,389
image_508.jpg,640,480,other,522,139,640,403
image_508.jpg,640,480,other,172,141,302,391
image_509.jpg,640,480,other,196,141,292,383
image_509.jpg,640,480,other,499,135,633,373
image_51.jpg,640,480,paper,202,205,317,372
image_51.jpg,640,480,paper,400,201,525,369
image_511.jpg,640,480,scissors,182,143,351,386
image_511.jpg,640,480,scissors,462,129,640,380
image_515.jpg,640,480,scissors,110,149,259,376
image_515.jpg,640,480,scissors,359,122,528,359
image_516.jpg,640,480,scissors,299,144,425,369
image_516.jpg,640,480,scissors,86,155,238,359
image_517.jpg,640,480,scissors,247,141,377,368
image_517.jpg,640,480,scissors,85,159,215,351
image_518.jpg,640,480,scissors,257,152,395,386
image_518.jpg,640,480,scissors,107,170,241,369
image_52.jpg,640,480,paper,202,203,309,355
image_52.jpg,640,480,paper,433,201,542,351
image_520.jpg,640,480,scissors,283,203,403,414
image_520.jpg,640,480,scissors,127,205,264,391
image_521.jpg,640,480,scissors,278,149,411,387
image_521.jpg,640,480,scissors,125,172,258,350
image_522.jpg,640,480,scissors,263,103,393,355
image_522.jpg,640,480,scissors,125,131,255,335
image_523.jpg,640,480,scissors,92,151,216,341
image_523.jpg,640,480,other,219,129,319,350
image_524.jpg,640,480,scissors,235,135,357,373
image_524.jpg,640,480,scissors,92,152,231,336
image_525.jpg,640,480,scissors,257,127,375,365
image_525.jpg,640,480,scissors,129,145,259,341
image_526.jpg,640,480,scissors,101,155,224,338
image_526.jpg,640,480,other,226,127,339,361
image_527.jpg,640,480,other,225,136,332,368
image_527.jpg,640,480,scissors,108,161,232,350
image_528.jpg,640,480,scissors,118,135,244,317
image_528.jpg,640,480,scissors,252,108,362,333
image_529.jpg,640,480,scissors,256,65,386,277
image_529.jpg,640,480,scissors,137,91,261,280
image_53.jpg,640,480,paper,506,191,616,351
image_53.jpg,640,480,paper,169,200,297,352
image_530.jpg,640,480,scissors,121,138,262,314
image_530.jpg,640,480,scissors,281,124,401,338
image_531.jpg,640,480,scissors,292,164,426,384
image_531.jpg,640,480,scissors,129,173,256,359
image_532.jpg,640,480,scissors,414,174,570,396
image_532.jpg,640,480,scissors,127,173,271,366
image_533.jpg,640,480,scissors,126,176,273,361
image_533.jpg,640,480,other,454,167,627,393
image_534.jpg,640,480,other,458,165,625,390
image_534.jpg,640,480,other,127,180,271,363
image_535.jpg,640,480,other,402,153,571,382
image_535.jpg,640,480,other,105,165,258,355
image_538.jpg,640,480,other,321,186,479,397
image_538.jpg,640,480,other,131,155,293,368
image_539.jpg,640,480,other,352,204,492,409
image_539.jpg,640,480,other,154,193,273,357
image_540.jpg,640,480,other,152,185,264,362
image_540.jpg,640,480,other,388,203,518,400
image_541.jpg,640,480,other,465,185,592,388
image_541.jpg,640,480,other,147,176,248,364
image_542.jpg,640,480,other,489,187,636,393
image_542.jpg,640,480,other,153,179,252,359
image_543.jpg,640,480,other,142,175,261,349
image_543.jpg,640,480,other,425,171,567,377
image_544.jpg,640,480,other,410,144,553,353
image_544.jpg,640,480,other,142,154,276,319
image_545.jpg,640,480,other,154,94,285,288
image_545.jpg,640,480,other,421,68,585,274
image_549.jpg,640,480,other,160,183,271,374
image_549.jpg,640,480,other,473,179,611,392
image_55.jpg,640,480,paper,125,194,246,340
image_55.jpg,640,480,paper,479,182,596,360
image_550.jpg,640,480,paper,419,186,570,415
image_550.jpg,640,480,paper,156,191,305,405
image_554.jpg,640,480,paper,408,195,561,422
image_554.jpg,640,480,paper,167,189,325,405
image_555.jpg,640,480,paper,180,162,321,393
image_555.jpg,640,480,paper,436,157,600,386
image_556.jpg,640,480,other,471,175,606,377
image_556.jpg,640,480,paper,166,148,320,374
image_557.jpg,640,480,rock,196,208,298,389
image_557.jpg,640,480,rock,475,210,599,382
image_559.jpg,640,480,rock,357,223,448,367
image_559.jpg,640,480,rock,253,261,355,402
image_56.jpg,640,480,paper,126,189,247,347
image_56.jpg,640,480,scissors,477,180,591,352
image_561.jpg,640,480,rock,351,195,447,344
image_561.jpg,640,480,rock,237,184,347,325
image_562.jpg,640,480,rock,344,180,441,328
image_562.jpg,640,480,rock,227,185,336,304
image_564.jpg,640,480,rock,328,139,427,282
image_564.jpg,640,480,rock,208,179,310,302
image_565.jpg,640,480,rock,414,166,509,316
image_565.jpg,640,480,rock,227,174,334,287
image_566.jpg,640,480,rock,445,182,542,303
image_566.jpg,640,480,rock,234,187,323,312
image_567.jpg,640,480,rock,246,177,357,315
image_567.jpg,640,480,rock,431,171,540,317
image_569.jpg,640,480,other,285,253,402,382
image_57.jpg,640,480,scissors,496,167,594,352
image_57.jpg,640,480,paper,129,192,250,345
image_570.jpg,640,480,other,216,229,332,381
image_570.jpg,640,480,other,439,255,568,397
image_572.jpg,640,480,other,221,180,359,363
image_572.jpg,640,480,other,428,199,559,352
image_573.jpg,640,480,other,415,188,561,321
image_573.jpg,640,480,other,219,186,380,314
image_575.jpg,640,480,rock,221,202,332,312
image_575.jpg,640,480,rock,477,236,605,356
image_576.jpg,640,480,rock,493,205,618,333
image_576.jpg,640,480,rock,215,193,330,305
image_578.jpg,640,480,rock,498,199,621,321
image_578.jpg,640,480,rock,201,184,327,295
image_579.jpg,640,480,rock,202,174,307,274
image_579.jpg,640,480,rock,501,192,626,296
image_58.jpg,640,480,paper,130,195,254,345
image_58.jpg,640,480,scissors,533,156,626,341
image_580.jpg,640,480,rock,495,190,604,294
image_580.jpg,640,480,rock,195,170,311,281
image_581.jpg,640,480,rock,187,170,294,265
image_581.jpg,640,480,rock,472,200,593,299
image_582.jpg,640,480,rock,463,191,602,302
image_582.jpg,640,480,rock,179,179,305,279
image_583.jpg,640,480,rock,200,168,326,288
image_583.jpg,640,480,rock,478,191,628,321
image_584.jpg,640,480,rock,475,211,635,347
image_584.jpg,640,480,thumb,198,190,330,333
image_585.jpg,640,480,thumb,469,195,617,401
image_585.jpg,640,480,thumb,207,187,337,373
image_587.jpg,640,480,thumb,458,233,612,421
image_587.jpg,640,480,thumb,201,221,364,376
image_588.jpg,640,480,thumb,172,218,314,376
image_588.jpg,640,480,thumb,432,230,612,393
image_589.jpg,640,480,thumb,447,226,631,399
image_589.jpg,640,480,thumb,156,207,313,367
image_59.jpg,640,480,paper,126,197,246,351
image_59.jpg,640,480,scissors,462,153,555,331
image_590.jpg,640,480,thumb,101,214,299,357
image_590.jpg,640,480,rock,480,219,626,385
image_593.jpg,640,480,thumb,95,185,247,337
image_593.jpg,640,480,thumb,351,174,531,354
image_595.jpg,640,480,thumb,273,182,430,339
image_595.jpg,640,480,thumb,67,192,200,325
image_596.jpg,640,480,thumb,86,141,217,272
image_596.jpg,640,480,thumb,259,131,409,281
image_597.jpg,640,480,thumb,263,172,419,328
image_597.jpg,640,480,thumb,81,189,219,327
image_598.jpg,640,480,thumb,78,176,221,338
image_598.jpg,640,480,thumb,268,163,417,311
image_599.jpg,640,480,thumb,247,121,404,284
image_599.jpg,640,480,rock,117,136,231,286
image_6.jpg,640,480,scissors,126,145,236,333
image_60.jpg,640,480,scissors,475,161,561,337
image_60.jpg,640,480,paper,126,200,247,349
image_600.jpg,640,480,rock,271,155,383,314
image_600.jpg,640,480,thumb,140,144,267,305
image_601.jpg,640,480,thumb,139,164,268,325
image_601.jpg,640,480,rock,315,172,416,356
image_602.jpg,640,480,rock,336,154,483,356
image_602.jpg,640,480,thumb,143,169,282,333
image_603.jpg,640,480,paper,337,108,498,367
image_603.jpg,640,480,paper,135,114,323,342
image_604.jpg,640,480,paper,131,114,313,361
image_604.jpg,640,480,paper,354,102,531,380
image_605.jpg,640,480,paper,368,172,523,398
image_605.jpg,640,480,paper,113,146,297,369
image_606.jpg,640,480,other,379,306,548,427
image_606.jpg,640,480,other,127,263,308,423
image_607.jpg,640,480,other,113,294,326,394
image_607.jpg,640,480,other,379,304,558,387
image_608.jpg,640,480,other,387,265,588,387
image_608.jpg,640,480,other,126,262,359,332
image_609.jpg,640,480,other,427,195,598,313
image_609.jpg,640,480,other,151,196,375,294
image_61.jpg,640,480,paper,117,200,243,356
image_61.jpg,640,480,other,473,161,558,325
image_610.jpg,640,480,paper,178,124,356,300
image_610.jpg,640,480,paper,418,158,605,319
image_611.jpg,640,480,paper,421,133,598,355
image_611.jpg,640,480,paper,170,129,342,342
image_612.jpg,640,480,paper,214,151,319,343
image_612.jpg,640,480,paper,433,173,603,338
image_613.jpg,640,480,other,427,226,640,311
image_613.jpg,640,480,other,161,198,355,303
image_614.jpg,640,480,other,424,222,635,286
image_614.jpg,640,480,other,181,200,390,270
image_615.jpg,640,480,other,218,197,387,273
image_615.jpg,640,480,other,455,193,622,284
image_616.jpg,640,480,other,477,215,640,304
image_616.jpg,640,480,other,203,205,363,282
image_617.jpg,640,480,other,208,198,366,325
image_617.jpg,640,480,other,484,208,640,314
image_619.jpg,640,480,other,476,210,640,300
image_619.jpg,640,480,other,213,193,375,283
image_62.jpg,640,480,other,475,160,567,334
image_62.jpg,640,480,paper,124,202,244,354
image_623.jpg,640,480,other,217,94,378,297
image_623.jpg,640,480,other,523,104,640,325
image_624.jpg,640,480,other,497,131,640,339
image_624.jpg,640,480,other,199,143,361,331
image_625.jpg,640,480,other,436,130,596,341
image_625.jpg,640,480,other,174,135,324,331
image_627.jpg,640,480,other,409,164,591,338
image_627.jpg,640,480,other,133,142,303,309
image_628.jpg,640,480,other,433,150,614,334
image_628.jpg,640,480,other,135,136,289,311
image_631.jpg,640,480,other,152,129,332,330
image_631.jpg,640,480,other,439,144,640,343
image_632.jpg,640,480,paper,437,140,640,350
image_632.jpg,640,480,paper,136,131,323,325
image_633.jpg,640,480,other,148,140,325,307
image_633.jpg,640,480,other,432,155,640,343
image_634.jpg,640,480,other,448,136,640,335
image_634.jpg,640,480,other,144,138,332,309
image_635.jpg,640,480,other,141,117,305,307
image_635.jpg,640,480,other,505,77,640,325
image_636.jpg,640,480,other,158,124,329,340
image_636.jpg,640,480,other,477,117,640,355
image_638.jpg,640,480,other,335,155,481,375
image_638.jpg,640,480,other,126,166,332,368
image_639.jpg,640,480,other,344,172,504,379
image_639.jpg,640,480,other,170,161,335,385
image_64.jpg,640,480,scissors,140,200,224,364
image_64.jpg,640,480,scissors,490,167,577,340
image_640.jpg,640,480,thumb,429,213,558,406
image_640.jpg,640,480,thumb,226,201,332,392
image_641.jpg,640,480,thumb,210,199,360,397
image_641.jpg,640,480,thumb,407,206,547,398
image_642.jpg,640,480,thumb,194,202,336,387
image_642.jpg,640,480,thumb,419,211,598,393
image_643.jpg,640,480,thumb,445,222,620,386
image_643.jpg,640,480,other,216,206,325,402
image_644.jpg,640,480,thumb,456,214,611,386
image_645.jpg,640,480,thumb,454,213,615,388
image_646.jpg,640,480,thumb,456,215,612,387
image_647.jpg,640,480,thumb,489,222,630,401
image_649.jpg,640,480,rock,512,239,640,405
image_65.jpg,640,480,scissors,143,196,233,343
image_65.jpg,640,480,scissors,481,169,583,341
image_650.jpg,640,480,rock,505,233,640,406
image_651.jpg,640,480,rock,497,241,640,408
image_66.jpg,640,480,other,149,196,229,356
image_66.jpg,640,480,other,472,170,566,337
image_68.jpg,640,480,scissors,182,196,267,361
image_68.jpg,640,480,paper,474,177,612,362
image_69.jpg,640,480,scissors,161,199,260,359
image_69.jpg,640,480,paper,478,172,609,371
image_7.jpg,640,480,scissors,155,207,252,371
image_72.jpg,640,480,paper,112,193,217,371
image_72.jpg,640,480,paper,511,149,638,370
image_73.jpg,640,480,paper,95,188,222,373
image_73.jpg,640,480,paper,531,154,640,366
image_74.jpg,640,480,paper,102,181,236,378
image_74.jpg,640,480,paper,507,158,640,362
image_75.jpg,640,480,paper,109,176,236,369
image_75.jpg,640,480,paper,498,153,640,346
image_76.jpg,640,480,rock,108,228,217,356
image_76.jpg,640,480,rock,514,212,640,348
image_78.jpg,640,480,rock,120,206,227,332
image_78.jpg,640,480,rock,484,198,607,349
image_79.jpg,640,480,rock,136,199,247,315
image_79.jpg,640,480,rock,429,193,554,322
image_80.jpg,640,480,rock,135,202,249,324
image_82.jpg,640,480,rock,153,122,282,275
image_83.jpg,640,480,rock,160,163,293,316
image_85.jpg,640,480,rock,145,186,272,338
image_86.jpg,640,480,rock,119,171,234,327
image_88.jpg,640,480,rock,375,165,516,343
image_88.jpg,640,480,rock,107,185,222,323
image_89.jpg,640,480,rock,122,182,244,335
image_89.jpg,640,480,rock,384,175,535,338
image_90.jpg,640,480,rock,158,179,268,326
image_90.jpg,640,480,rock,377,173,526,334
image_91.jpg,640,480,rock,185,177,310,315
image_91.jpg,640,480,rock,389,183,531,323
image_92.jpg,640,480,rock,179,162,297,304
image_92.jpg,640,480,rock,402,172,537,312
image_93.jpg,640,480,rock,150,153,250,310
image_93.jpg,640,480,rock,457,153,559,321
image_938.jpg,640,480,thumb,155,195,301,390
image_938.jpg,640,480,thumb,538,221,640,408
image_94.jpg,640,480,rock,155,153,266,335
image_94.jpg,640,480,rock,462,143,582,308
image_95.jpg,640,480,rock,172,159,267,317
image_95.jpg,640,480,rock,466,152,566,328
image_96.jpg,640,480,rock,168,157,264,314
image_96.jpg,640,480,rock,467,148,576,310
image_97.jpg,640,480,rock,181,145,296,313
image_97.jpg,640,480,rock,464,152,581,314
image_98.jpg,640,480,rock,178,149,299,329
image_98.jpg,640,480,rock,465,161,592,308
image_99.jpg,640,480,paper,140,99,322,335
image_99.jpg,640,480,paper,450,97,638,318
